{
    "accuracy": 0.6885,
    "precision": 0.5702199661590525,
    "recall": 0.4773371104815864,
    "f1_score": 0.5196607555898227,
    "roc_auc": 0.722355521890092
}